ts,year,month,day,dp,rmm,wdir,ws,t,rh,p
2014-01-01,2014,1,1,0.7526754690757457,1.640000000000001,158.0,4.61702571230021,3.05357887421823,84.87491313412092,1011.9901320361296
2014-01-02,2014,1,2,-2.2381944444444573,0.6000000000000004,118.0,3.627777777777778,0.4078472222222211,81.09583333333333,1012.2958333333349
2014-01-03,2014,1,3,-1.4593055555555527,0.5000000000000002,141.0,3.3281944444444385,1.0606944444444493,82.28611111111111,1008.8503472222206
2014-01-04,2014,1,4,0.3417361111111121,3.6999999999999966,219.0,4.28805555555555,1.7476388888888887,90.35138888888889,1001.7586111111136
2014-01-05,2014,1,5,2.8411111111111027,0.8000000000000004,90.0,2.4786111111111104,4.128194444444437,91.43263888888889,1003.1302083333369
2014-01-06,2014,1,6,0.509930555555556,0.9000000000000006,146.0,3.740624999999999,1.6868055555555543,91.88472222222222,1003.9509027777823
2014-01-07,2014,1,7,1.8627777777777876,10.769999999999996,259.0,3.294305555555547,2.9284722222222253,92.84305555555555,998.4985416666666
2014-01-08,2014,1,8,3.7473611111110805,2.439999999999994,214.0,3.3897222222222183,4.758680555555566,93.27777777777777,994.2368055555502
2014-01-09,2014,1,9,2.7474305555555634,1.990000000000001,90.0,2.444791666666665,4.400625000000003,89.27083333333333,991.9824305555547
2014-01-10,2014,1,10,0.1130555555555591,11.67999999999998,349.0,4.752708333333331,1.356388888888889,91.09861111111111,981.3111111111124
2014-01-11,2014,1,11,-5.206458333333346,1.3900000000000006,45.0,3.000000000000004,-3.6413888888889003,84.51875,992.1324305555495
2014-01-12,2014,1,12,-9.559027777777755,0.33000000000000007,343.0,3.3293055555555573,-7.801458333333309,79.54513888888889,995.7530555555536
2014-01-13,2014,1,13,-12.85145833333333,0.13999999999999999,332.0,3.800902777777774,-10.851388888888858,75.23402777777778,1004.7345833333306
2014-01-14,2014,1,14,-15.186666666666664,0.12999999999999998,6.0,2.0574305555555537,-14.036180555555525,78.43958333333333,1011.2465277777737
2014-01-15,2014,1,15,-12.415763888888824,0.6600000000000004,68.0,2.359722222222223,-11.364097222222163,81.41875,1013.3979166666668
2014-01-16,2014,1,16,-13.0351388888889,0.23000000000000007,23.0,3.3299305555555594,-11.645694444444418,78.81319444444445,1015.2312500000024
2014-01-17,2014,1,17,-14.43479166666661,0.23000000000000007,17.0,2.604166666666665,-13.28097222222222,79.06527777777778,1016.4515277777756
2014-01-18,2014,1,18,-14.829444444444466,0.35000000000000014,6.0,2.6052083333333376,-13.467152777777766,77.44722222222222,1021.0986805555558
2014-01-19,2014,1,19,-14.010763888888874,0.23000000000000007,17.0,2.103333333333336,-12.878263888888927,79.54930555555555,1028.8365972222334
2014-01-20,2014,1,20,-13.180416666666666,0.6300000000000003,360.0,2.132152777777779,-11.83298611111109,78.89722222222223,1028.7361111111154
2014-01-21,2014,1,21,-11.696458333333323,0.34000000000000014,349.0,1.656875,-10.76756944444443,82.89722222222223,1024.0152083333364
2014-01-22,2014,1,22,-15.40701388888891,0.2800000000000001,360.0,2.8827777777777834,-14.390069444444457,79.19097222222223,1021.9112499999967
2014-01-23,2014,1,23,-16.017986111111156,0.37000000000000016,51.0,2.099791666666668,-15.308611111111144,80.61458333333333,1026.129027777776
2014-01-24,2014,1,24,-15.923680555555567,0.4300000000000002,309.0,1.6525000000000019,-14.884027777777815,78.55625,1028.6785416666717
2014-01-25,2014,1,25,-9.696597222222202,0.4000000000000002,225.0,2.3929861111111097,-7.312013888888878,75.66944444444445,1027.3471527777776
2014-01-26,2014,1,26,-9.348055555555545,0.21000000000000005,84.0,1.9796527777777777,-7.719027777777778,80.40763888888888,1023.6088194444471
2014-01-27,2014,1,27,-9.361041666666685,0.4000000000000002,96.0,5.00159722222222,-8.029305555555522,82.27361111111111,1020.5417361111092
2014-01-28,2014,1,28,-9.204513888888885,0.5600000000000003,135.0,6.017499999999992,-7.690416666666642,81.31180555555555,1026.9793749999985
2014-01-29,2014,1,29,-12.11347222222225,0.35000000000000014,135.0,5.620972222222219,-8.277291666666649,65.79930555555555,1033.5209027777737
2014-01-30,2014,1,30,-13.0102777777778,0.4400000000000002,152.0,4.539930555555559,-10.281944444444418,71.15138888888889,1034.3155555555531
2014-01-31,2014,1,31,-12.310552061495466,2.8200000000000007,174.0,5.682809224318653,-9.193501048217996,69.55415793151643,1028.1070580013975
2014-02-01,2014,2,1,-7.777592205984722,9.959999999999955,124.0,5.513500347947103,-6.364648573416828,83.25330549756437,1014.0991649269325
2014-02-02,2014,2,2,-7.5808123249299575,4.369999999999991,219.0,3.957142857142847,-3.2987394957982987,67.73319327731092,1013.0142156862726
2014-02-03,2014,2,3,-1.5145138888888905,4.2199999999999935,231.0,3.5013194444444418,-0.9972916666666743,94.95,1015.7093055555579
2014-02-04,2014,2,4,-1.1425694444444372,1.440000000000001,118.0,2.5068055555555553,-0.477013888888892,94.28125,1017.3627777777748
2014-02-05,2014,2,5,-4.618888888888904,1.660000000000001,96.0,2.623819444444446,-3.2181249999999983,86.23333333333333,1008.3406250000032
2014-02-06,2014,2,6,-6.220000000000004,3.499999999999998,84.0,1.751736111111114,-4.989513888888882,85.82777777777778,999.7083333333347
2014-02-07,2014,2,7,-2.343094721619675,1.0100000000000007,158.0,1.981417208966017,-1.7689081706435437,93.7823571945047,997.1431670282025
2014-02-08,2014,2,8,0.15647143890094023,7.2399999999999824,214.0,5.174548083875634,1.1874186550976076,92.85177151120752,989.9902386117142
2014-02-09,2014,2,9,-0.42523499638467277,0.8200000000000005,158.0,4.654157628344174,1.7938539407086105,85.17932031814895,995.0934201012282
2014-02-10,2014,2,10,0.2090972222222215,2.3300000000000014,113.0,2.372569444444449,0.9460416666666616,94.82777777777778,998.0920833333255
2014-02-11,2014,2,11,-0.6383333333333365,4.839999999999985,90.0,2.2356250000000006,-0.09770833333333398,95.62777777777778,1000.4303472222167
2014-02-12,2014,2,12,-0.3106290672451178,3.7799999999999874,214.0,2.8804772234273273,0.3780911062906712,94.97252349963847,996.8007953723787
2014-02-13,2014,2,13,-0.47606652205350686,2.65999999999999,146.0,3.0297180043383904,0.8244396240057831,90.81561822125813,998.4788141720875
2014-02-14,2014,2,14,-1.895227765726686,0.5800000000000003,113.0,2.730079537237891,0.33412870571222253,83.64497469269703,1000.922993492412
2014-02-15,2014,2,15,-2.2013738250180763,0.6600000000000004,152.0,2.346637744034709,-0.10072306579898735,84.17208966015907,1003.1545914678222
2014-02-16,2014,2,16,-0.05647143890093878,3.2899999999999947,203.0,4.537744034707153,0.9064352856109892,93.00939985538685,992.0965292841602
2014-02-17,2014,2,17,0.5301518438177857,2.4999999999999942,281.0,3.0981923355025294,1.6381778741865618,92.4945770065076,986.6694143166997
2014-02-18,2014,2,18,-0.5454085321764278,0.9300000000000006,293.0,3.55437454808388,1.304627621113529,87.29211858279103,994.8289226319617
2014-02-19,2014,2,19,-1.601952277657266,0.5500000000000003,309.0,1.5370209689081686,0.632754880694142,83.9060014461316,1000.3556760665207
2014-02-20,2014,2,20,-3.8271872740419166,0.6800000000000004,62.0,2.453434562545195,-2.1522053506869074,85.1706435285611,1002.4838756326812
2014-02-21,2014,2,21,-4.823861171366591,0.9500000000000004,84.0,3.530585683297177,-2.4559652928416527,80.1062906724512,1005.9491684743266
2014-02-22,2014,2,22,0.4550976138828603,4.959999999999982,214.0,4.624005784526396,1.4934201012292105,92.80477223427332,999.8073752711475
2014-02-23,2014,2,23,0.5838033261026753,4.099999999999993,225.0,5.645336225596518,1.9861894432393348,90.48879248011569,1006.7564714389006
2014-02-24,2014,2,24,0.12704266088214242,4.1899999999999915,225.0,6.512147505422989,3.288647866955896,79.93275488069415,1013.0845263919008
2014-02-25,2014,2,25,-0.8857556037599369,3.2899999999999943,186.0,4.203036876355749,1.6833694866232816,82.66738973246565,1019.6940708604516
2014-02-26,2014,2,26,-2.406724511930585,1.8700000000000014,169.0,2.8984815618221265,0.0013738250180775839,82.03326102675344,1021.3319595083174
2014-02-27,2014,2,27,-1.3640636297903146,3.839999999999996,146.0,2.066522053506871,0.5286334056399132,86.26681127982647,1016.8091829356492
2014-02-28,2014,2,28,-1.2892986261749824,3.829999999999995,79.0,1.8605206073752731,0.3344902386117153,87.94577006507592,1012.2981200289241
2014-03-01,2014,3,1,-2.1121475054229926,2.7899999999999943,84.0,2.7056399132321034,-0.32942877801880033,86.24005784526392,1009.0216919739747
2014-03-02,2014,3,2,-0.9498192335502476,3.939999999999993,158.0,2.2316702819956618,0.1951554591467827,91.33333333333333,1006.188503253794
2014-03-03,2014,3,3,-0.23644251626898014,10.009999999999982,219.0,3.8099060014461403,0.4276211135213302,95.27548806941432,1003.993203181487
2014-03-04,2014,3,4,-0.11836587129428666,5.179999999999993,96.0,1.4609544468546627,0.8677512653651487,93.24511930585683,1011.1805495300104
2014-03-05,2014,3,5,-1.3140274765003597,4.549999999999994,68.0,2.527621113521329,0.9139551699204645,84.48662328271872,1018.3848879247971
2014-03-06,2014,3,6,-1.4469609261939198,2.4399999999999977,214.0,2.690520984081042,0.30065123010130257,87.15267727930535,1019.8706946454442
2014-03-07,2014,3,7,-0.6605206073752722,2.6599999999999935,203.0,6.139551699204636,1.143673174258866,87.62111352133044,1017.3121475054231
2014-03-08,2014,3,8,-1.7470715835141035,6.399999999999992,276.0,6.60462762111353,3.9455531453362296,68.0173535791757,1008.8753434562545
2014-03-09,2014,3,9,-0.5281995661605274,2.409999999999998,242.0,6.412509038322491,3.36268980477222,75.46854663774404,1013.841503976869
2014-03-10,2014,3,10,1.3327785817655566,3.579999999999996,287.0,4.054703328509406,4.383357452966713,81.02387843704776,1009.5011577424073
2014-03-11,2014,3,11,-1.8043415340086808,1.4300000000000008,304.0,4.8578871201157705,4.806295224312597,62.59768451519537,1016.6501447178022
2014-03-12,2014,3,12,-1.5127259580621915,2.9899999999999975,315.0,4.657989877078808,5.739696312364416,59.54302241503977,1015.6681851048444
2014-03-13,2014,3,13,-0.8099060014461292,2.1599999999999984,236.0,3.883514099783092,5.425018076644969,64.61388286334056,1007.2801156905276
2014-03-14,2014,3,14,-4.423516642547047,1.4700000000000009,231.0,6.301374819102756,4.755137481910284,51.36975397973951,996.8008683068016
2014-03-15,2014,3,15,-1.3587852494577066,12.749999999999973,304.0,4.261026753434572,0.577946493130876,86.34417932031815,972.5409978308008
2014-03-16,2014,3,16,-6.197686189443234,0.8600000000000005,321.0,4.94707158351409,-1.5629067245119332,67.02819956616052,976.1605206073742
2014-03-17,2014,3,17,-9.834707158351437,1.5500000000000007,309.0,2.2791033984092532,-4.144685466377427,58.84526391901663,987.0134490238639
2014-03-18,2014,3,18,-5.6137382501807656,2.209999999999999,298.0,2.582140274765008,-2.049602313810551,73.04555314533623,993.8686189443238
2014-03-19,2014,3,19,-9.107519884309465,1.3000000000000007,56.0,3.148373101952272,-1.6751265365148238,54.971800433839476,993.2931308749108
2014-03-20,2014,3,20,-7.399566160520627,7.849999999999994,208.0,3.241576283441797,-3.5020245842371676,70.6760665220535,999.0910339840912
2014-03-21,2014,3,21,1.0753434562545219,2.8499999999999943,214.0,5.808098336948669,4.904699927693412,77.07302964569776,985.8986261749848
2014-03-22,2014,3,22,0.14721619667389726,1.1100000000000008,236.0,3.871655820679684,3.2861171366594295,80.22704266088213,993.825813449024
2014-03-23,2014,3,23,0.6529284164858996,1.450000000000001,242.0,2.735719450469991,2.433622559652937,88.07881417208966,994.7665220535087
2014-03-24,2014,3,24,0.10708604483007947,2.2599999999999985,287.0,2.303398409255243,3.8839479392624643,77.45553145336225,1002.3379609544493
2014-03-25,2014,3,25,-2.524801156905283,1.0200000000000007,62.0,3.920896601590747,4.73405639913232,59.11641359363702,1010.8483731019479
2014-03-26,2014,3,26,-7.760954446854661,0.6500000000000004,39.0,5.873535791757052,3.2477223427331916,42.172089660159074,1024.6032537960944
2014-03-27,2014,3,27,-6.016847433116401,0.8000000000000004,354.0,2.0097613882863303,4.552205350686921,47.48300795372379,1021.3710773680403
2014-03-28,2014,3,28,-5.6824295010845765,0.9100000000000006,354.0,2.2950108459869814,4.093998553868394,46.770065075921906,1024.7621113521416
2014-03-29,2014,3,29,-4.323138105567618,1.0600000000000007,293.0,3.226753434562541,3.7662328271872694,54.166305133767175,1020.4383947939245
2014-03-30,2014,3,30,-4.31292517006804,0.9400000000000006,354.0,3.400907029478457,4.687452758881332,52.475434618291764,1009.5324263038576
2014-03-31,2014,3,31,-9.402947845805018,1.9900000000000013,287.0,3.0558578987150415,1.1141345427059726,42.31897203325775,1006.8025699168458
2014-04-01,2014,4,1,-6.3052154195011525,2.2400000000000007,270.0,2.826379440665151,1.0721844293272875,55.095238095238095,1007.3748299319708
2014-04-02,2014,4,2,-6.472562358276635,2.2799999999999994,281.0,3.834164777021925,0.6560090702947841,56.10204081632653,1007.5414210128483
2014-04-03,2014,4,3,-3.5836734693877585,2.030000000000001,287.0,2.903401360544222,2.905517762660618,62.289493575207864,1000.0012093726369
2014-04-04,2014,4,4,-9.900907029478457,1.8200000000000014,276.0,2.925925925925926,2.1999244142101295,38.871504157218446,1009.9219198790581
2014-04-05,2014,4,5,-4.517762660619793,2.5999999999999974,242.0,5.108541194255486,3.3284958427815594,55.03930461073318,1010.0499622071085
2014-04-06,2014,4,6,1.4159486016628868,6.469999999999989,326.0,2.4550264550264576,3.623658352229777,85.58730158730158,1002.5798185941054
2014-04-07,2014,4,7,1.3105064247921372,3.659999999999993,68.0,2.1613756613756596,2.6094482237339394,91.25321239606954,1005.1278911564605
2014-04-08,2014,4,8,-3.7068783068783038,2.749999999999995,73.0,2.791761148904003,2.4099773242630422,63.82010582010582,1006.4889644746859
2014-04-09,2014,4,9,-8.1644746787604,2.3100000000000005,84.0,5.738397581254721,1.6588813303099046,46.74829931972789,1009.9311413454271
2014-04-10,2014,4,10,-6.248072562358292,3.5499999999999963,191.0,4.923053665910807,1.475207860922148,53.43386243386244,1018.8216931216949
2014-04-11,2014,4,11,-0.6945578231292513,6.379999999999992,203.0,4.730385487528342,3.475812547241132,74.13832199546485,1011.8291761148881
2014-04-12,2014,4,12,1.9891156462584922,3.7899999999999907,203.0,3.8913076341647734,3.2107331821617593,91.91836734693878,1005.3519274376439
2014-04-13,2014,4,13,2.2924414210128594,6.35999999999999,169.0,5.8309901738473195,3.924187452758855,89.25699168556311,994.9401360544157
2014-04-14,2014,4,14,2.184429327286473,4.589999999999989,264.0,3.8817082388510973,5.023129251700684,82.38548752834467,989.0088435374195
2014-04-15,2014,4,15,-0.24735649546827806,3.1099999999999905,338.0,3.557703927492442,5.340105740181273,68.35649546827794,1001.0560422960725
2014-04-16,2014,4,16,-7.33371126228272,1.1300000000000008,236.0,3.6204081632653047,5.037188208616782,39.73015873015873,1016.0853363567633
2014-04-17,2014,4,17,-0.8619335347432021,1.3900000000000008,231.0,5.655135951661629,5.235196374622361,65.48942598187311,1010.2648791540797
2014-04-18,2014,4,18,-1.7519637462235655,0.08,276.0,3.9259063444108633,8.639425981873122,48.653323262839876,1008.2438821752269
2014-04-19,2014,4,19,-0.6768707482993217,0.02,276.0,2.7369614512471685,10.152834467120165,48.02947845804989,1018.9966742252434
2014-04-20,2014,4,20,0.8561602418745293,0.11999999999999997,45.0,1.720710506424795,10.9501133786848,50.60997732426304,1019.0283446712004
2014-04-21,2014,4,21,1.585574018126886,0.10999999999999999,214.0,1.8126888217522652,10.602492447129912,54.455438066465256,1015.6947885196355
2014-04-22,2014,4,22,0.07190332326284118,0.10999999999999999,360.0,2.804456193353475,13.640709969788533,41.610271903323266,1011.6092900302166
2014-04-23,2014,4,23,-9.58995468277946,0.13,45.0,4.080664652567974,7.085347432024148,28.797583081571,1022.4072507552909
2014-04-24,2014,4,24,-8.762915407854996,0.3800000000000001,259.0,2.6323262839879145,6.383157099697871,30.893504531722055,1027.0137462235618
2014-04-25,2014,4,25,-4.709667673716014,0.6200000000000004,281.0,3.05777945619335,8.939425981873098,36.60498489425982,1018.5661631419935
2014-04-26,2014,4,26,-3.329780801209366,0.6000000000000003,264.0,2.5850340136054455,10.414588057445163,37.57974300831444,1012.9695389266809
2014-04-27,2014,4,27,-3.2721088435374095,0.9800000000000005,349.0,2.0486016628873727,12.308390022675738,34.02267573696145,1008.1646258503384
2014-04-28,2014,4,28,-2.3875377643504536,1.0400000000000005,214.0,3.144561933534743,13.054078549848938,34.16918429003021,1005.3852719033223
2014-04-29,2014,4,29,-0.48323262839879116,0.6700000000000004,293.0,3.6259063444108834,10.120770392749211,48.144259818731115,1000.6043051359602
2014-04-30,2014,4,30,-3.7161631419939622,1.4500000000000008,281.0,2.8587613293051333,7.3016616314199405,46.21525679758308,1000.8965256797469
2014-05-01,2014,5,1,-0.5927492447129924,3.1999999999999944,321.0,3.249471299093657,4.2613293051359555,70.64652567975831,999.0603474320262
2014-05-02,2014,5,2,-2.659863945578231,8.879999999999994,259.0,3.069992441421013,3.403703703703708,64.7437641723356,1007.630839002273
2014-05-03,2014,5,3,-1.4541194255479932,2.7299999999999955,264.0,3.427286470143619,4.3761904761904695,65.74527588813304,1009.3109599395243
2014-05-04,2014,5,4,0.34504913076341676,5.319999999999993,332.0,2.343915343915341,3.9771730914588006,77.69614512471655,1004.9297808012112
2014-05-05,2014,5,5,-1.0900302114803624,2.2999999999999994,338.0,3.793731117824777,3.9063444108761343,71.33308157099698,1006.3614048338418
2014-05-06,2014,5,6,-5.5209969788519615,1.460000000000001,214.0,2.9675226586102745,4.729456193353475,47.58761329305136,1010.840558912396
2014-05-07,2014,5,7,-3.9104768786127195,1.740000000000001,79.0,3.0364884393063623,5.858887283236984,50.320809248554916,1010.0609104046173
2014-05-08,2014,5,8,2.420824295010843,6.6399999999999775,113.0,5.611713665943603,5.077368040491645,84.41865509761388,1005.1508315256696
2014-05-09,2014,5,9,7.493853940708592,18.000000000000007,214.0,2.9044830079537256,7.701952277657258,98.22559652928416,1003.0421547360841
2014-05-10,2014,5,10,5.915184381778735,1.0900000000000007,281.0,2.0893709327548833,8.008026030368764,87.1120751988431,1000.0871294287819
2014-05-11,2014,5,11,6.460954446854657,4.689999999999993,101.0,2.923427331887202,8.987635574837261,84.66015907447577,993.9305856832997
2014-05-12,2014,5,12,6.76404833836862,1.5000000000000009,236.0,2.943655589123865,9.125604229607259,85.52567975830816,996.5829305135969
2014-05-13,2014,5,13,7.359138972809657,4.839999999999991,293.0,2.8115558912386707,9.776510574018081,85.22129909365559,995.1174471299125
2014-05-14,2014,5,14,0.17913832199546645,0.30000000000000016,96.0,4.299470899470896,10.526077097505683,51.504157218442934,1005.950188964475
2014-05-15,2014,5,15,-4.4945046999277,0.19,203.0,3.144613159797546,8.19211858279102,40.78886478669559,1023.7388286333987
2014-05-16,2014,5,16,-1.49472161966739,0.3000000000000001,208.0,2.873246565437454,8.419522776572647,49.89587852494577,1022.7613882863369
2014-05-17,2014,5,17,1.5430947216196647,0.26,62.0,1.9156905278380327,11.581634128705705,51.5647143890094,1018.9165582067869
2014-05-18,2014,5,18,2.884454085321761,0.26000000000000006,107.0,2.8853217642805498,16.617787418655137,42.282718727404195,1015.24338394794
2014-05-19,2014,5,19,11.38829479768789,0.5700000000000003,214.0,3.329190751445082,19.58836705202314,59.524566473988436,1012.2521676300644
2014-05-20,2014,5,20,12.477890173410412,1.0100000000000005,163.0,2.089739884393064,18.072326589595352,71.09898843930635,1011.8491329479803
2014-05-21,2014,5,21,11.634417932031807,4.289999999999995,264.0,1.5488069414316676,15.437237888647859,78.42371655820679,1010.46391901663
2014-05-22,2014,5,22,8.34302241503979,0.7500000000000003,214.0,2.8127982646420793,17.67360809833692,57.346348517715114,1013.7945770065073
2014-05-23,2014,5,23,10.868257411424452,0.7000000000000003,146.0,1.9250903832248736,18.90592913955172,60.691973969631235,1015.3226319595037
2014-05-24,2014,5,24,12.044468546637757,0.5000000000000001,96.0,2.1405639913232117,22.079031091829382,54.02603036876356,1012.030513376726
2014-05-25,2014,5,25,12.673174258857559,0.7600000000000005,236.0,2.3218365871294284,21.067172812725918,59.2530730296457,1009.2145336225622
2014-05-26,2014,5,26,10.04934971098264,0.8300000000000005,287.0,3.8908236994219636,18.345231213872818,60.533236994219656,1009.4911849711011
2014-05-27,2014,5,27,4.431164135936362,5.009999999999994,6.0,3.9775849602313764,7.402386117136706,81.8293564714389,1013.4475777295739
2014-05-28,2014,5,28,3.6571428571428513,7.509999999999991,360.0,4.806268221574353,6.392638483965013,82.91472303206997,1012.2820699708457
2014-05-29,2014,5,29,7.026247288503244,6.049999999999979,360.0,3.939696312364431,8.671655820679666,89.55386840202459,1005.1749096167844
2014-05-30,2014,5,30,8.012436731742527,2.1000000000000005,152.0,2.088069414316706,10.816485900216884,83.87201735357918,1004.7462762111356
2014-05-31,2014,5,31,7.35979754157627,2.899999999999997,219.0,2.8611713665943572,10.848011569052757,79.45697758496023,1007.7946493130856
2014-06-01,2014,6,1,6.594070860448253,2.1500000000000004,343.0,2.1509038322487304,12.970137382501807,66.59652928416486,1011.507953723786
2014-06-02,2014,6,2,8.575632682574069,2.7299999999999947,51.0,3.6221258134490175,14.474114244396223,68.20462762111352,1014.6214027476533
2014-06-03,2014,6,3,12.03326102675345,5.129999999999988,96.0,3.418872017353578,14.430730296457002,85.90672451193059,1012.0966015907516
2014-06-04,2014,6,4,13.04699927693423,1.3000000000000007,124.0,2.2621113521330414,18.589660159074427,72.29718004338395,1012.8825018076692
2014-06-05,2014,6,5,9.362111352133033,0.9200000000000005,79.0,2.9715835140997795,19.98156182212578,51.409978308026034,1011.2708604483042
2014-06-06,2014,6,6,12.847433116413606,2.9899999999999967,152.0,1.6519884309472177,18.53571945046999,70.32610267534345,1011.304121475056
2014-06-07,2014,6,7,10.689587852494576,2.5099999999999976,248.0,2.4140997830802577,15.707953723788867,72.83947939262472,1010.3221981200292
2014-06-08,2014,6,8,9.190238611713681,3.6499999999999932,214.0,2.102096890817066,14.917932031814905,69.06218365871294,1009.2058568329775
2014-06-09,2014,6,9,11.008749096167763,1.8400000000000012,309.0,2.431525668835866,16.94316702819957,68.99132321041215,1008.0652928416498
2014-06-10,2014,6,10,12.838539407086074,5.409999999999996,23.0,2.2990600144613214,15.918510484454055,82.4468546637744,1010.7151843817807
2014-06-11,2014,6,11,9.987924801156856,2.120000000000001,219.0,2.5323933477946516,15.9580621836587,68.74331164135937,1014.9247288503285
2014-06-12,2014,6,12,11.110918293564708,17.889999999999983,51.0,2.241648590021689,13.098120028922635,87.99132321041215,1005.0506869125146
2014-06-13,2014,6,13,11.267100506146049,10.829999999999991,338.0,2.5788141720896642,13.056905278380277,89.0824295010846,996.0117136659535
2014-06-14,2014,6,14,7.476500361532888,1.2100000000000006,6.0,5.218076644974694,12.430079537237862,72.67751265365148,1002.6017353579136
2014-06-15,2014,6,15,4.505350686912513,0.5300000000000002,276.0,2.881995661605201,13.202892263195935,56.76211135213305,1008.3281995661556
2014-06-16,2014,6,16,4.99450469992769,3.539999999999993,304.0,3.7497469269703547,11.561677512653619,65.19739696312364,1002.7045553145331
2014-06-17,2014,6,17,-1.9516268980477258,1.3700000000000008,264.0,4.8084598698481535,7.71048445408532,52.14750542299349,1002.3342010122924
2014-06-18,2014,6,18,5.090527838033258,2.149999999999999,281.0,3.8828633405639885,11.247288503253795,67.44830079537238,998.5558929862583
2014-06-19,2014,6,19,6.228778018799724,2.010000000000001,309.0,3.2276211135213266,12.421836587129421,67.51482284887925,994.830513376714
2014-06-20,2014,6,20,5.793347794649312,7.289999999999991,304.0,2.4674620390455533,11.24020245842369,70.86261749819234,993.0475777295655
2014-06-21,2014,6,21,2.708170643528566,5.839999999999993,264.0,3.2716558206796837,8.82740419378161,66.14605929139552,996.4812725958004
2014-06-22,2014,6,22,3.5525668835863957,7.749999999999989,349.0,2.7307302964569793,8.856182212581349,70.4287780187997,999.3099060014488
2014-06-23,2014,6,23,5.049457700650756,1.4900000000000009,23.0,2.1998553868402033,9.645263919016639,74.22415039768619,999.5950108459866
2014-06-24,2014,6,24,7.340130151843816,5.759999999999997,28.0,1.7727404193781633,11.64916847433112,75.57556037599421,1002.7688358640638
2014-06-25,2014,6,25,4.610339840925522,0.6800000000000004,315.0,2.7631236442516283,12.151916124367293,61.01301518438178,1004.7045553145247
2014-06-26,2014,6,26,6.037816341287055,2.509999999999995,73.0,1.8097613882863344,11.987707881417249,67.44323933477946,1008.366232827178
2014-06-27,2014,6,27,5.52603036876355,1.1200000000000006,231.0,1.9383224873463507,12.68908170643531,62.88864786695589,1011.7185104844546
2014-06-28,2014,6,28,5.455242227042657,0.4800000000000002,113.0,2.3599421547360846,14.574114244396261,56.57772957339118,1012.2063629790335
2014-06-29,2014,6,29,10.109399855386844,13.349999999999977,17.0,4.075126536514819,12.63434562545204,85.20390455531454,1004.9251626898055
2014-06-30,2014,6,30,10.974403470715808,2.9399999999999897,321.0,2.5895878524945792,13.207736804049166,86.75921908893709,999.2373101952257
2014-07-01,2014,7,1,9.359508315256653,3.109999999999993,315.0,1.981561822125811,12.982791033984128,79.1294287780188,1004.0124367317468
2014-07-02,2014,7,2,9.24642082429504,1.0000000000000004,293.0,3.420028922631954,14.271294287780181,73.15835140997831,1003.0897324656504
2014-07-03,2014,7,3,10.046637744034756,0.6600000000000005,197.0,4.996023138105568,14.397975415762799,75.83297180043384,1004.8140997830775
2014-07-04,2014,7,4,11.007664497469289,1.3900000000000003,264.0,3.9080260303687715,16.467100506146043,71.80260303687636,1004.5708604483043
2014-07-05,2014,7,5,8.913015184381758,0.3600000000000002,107.0,1.9154013015184366,16.684526391901645,62.67751265365148,1009.1447577729612
2014-07-06,2014,7,6,7.568112798264622,0.27,68.0,3.1727404193781603,18.38604483007954,51.646420824295014,1012.5725958062221
2014-07-07,2014,7,7,11.540708604483022,0.31000000000000005,101.0,3.641287057122196,20.210701373825003,58.478669558929866,1016.1485177151131
2014-07-08,2014,7,8,11.805784526391923,0.1,51.0,2.850542299349243,21.163557483730997,55.77584960231381,1016.1978308026023
2014-07-09,2014,7,9,10.887129428778003,0.25000000000000006,113.0,1.650108459869848,23.549240780911088,46.219088937093275,1013.0092552422261
2014-07-10,2014,7,10,10.840057845263889,6.269999999999995,84.0,4.843817787418655,16.222776572668124,70.86261749819234,1015.0577729573414
2014-07-11,2014,7,11,7.327693420101226,0.8600000000000004,73.0,3.271655820679683,15.306290672451182,60.11496746203905,1017.8294287780135
2014-07-12,2014,7,12,9.555459146782349,0.7500000000000004,34.0,3.796746203904555,17.23716558206799,61.71872740419378,1014.0154013015168
2014-07-13,2014,7,13,14.230441070137433,0.6300000000000003,96.0,3.8450469992769367,20.627910339840952,67.09978308026031,1007.1804772234315
2014-07-14,2014,7,14,14.373246565437489,2.0300000000000007,107.0,2.249891540130152,19.075921908893672,75.1995661605206,1006.873608098339
2014-07-15,2014,7,15,14.021330441070068,2.9999999999999942,248.0,3.2856832971800483,18.23521330441067,76.81489515545914,1008.1829356471395
2014-07-16,2014,7,16,13.542010122921154,3.359999999999996,236.0,3.3736804049168434,16.917064352856098,81.39913232104121,1010.2378886478634
2014-07-17,2014,7,17,13.033622559652963,1.3200000000000007,236.0,2.0610267534345645,18.484598698481587,72.23716558206797,1013.1420824294983
2014-07-18,2014,7,18,14.38091106290674,1.6200000000000012,259.0,1.680766449746927,19.837382501807657,72.93637020968909,1013.8454085321715
2014-07-19,2014,7,19,11.531308749096157,0.8600000000000004,90.0,1.8006507592190895,21.190817064352792,56.184381778741866,1013.8029645697757
2014-07-20,2014,7,20,12.800578452639177,1.1700000000000006,360.0,1.8049891540130147,21.376644974692702,59.95806218365871,1012.554374548085
2014-07-21,2014,7,21,11.050325379609548,2.040000000000001,338.0,2.3143167028199576,21.485394070860405,53.6941431670282,1013.3949385394067
2014-07-22,2014,7,22,10.64193781634126,1.7900000000000011,349.0,2.442805495300072,22.662183658712923,48.28054953000723,1017.1540130151849
2014-07-23,2014,7,23,11.823355025307293,2.1000000000000005,309.0,2.495444685466377,25.056760665220555,44.96167751265365,1017.1310918293651
2014-07-24,2014,7,24,14.321981200289217,2.19,107.0,2.229718004338394,23.43087490961676,57.07592190889371,1015.6107013738301
2014-07-25,2014,7,25,14.525813449023845,1.3900000000000008,253.0,1.9162689804772206,24.080404916847378,57.59436008676789,1015.8451916124307
2014-07-26,2014,7,26,14.685177151120735,1.570000000000001,287.0,2.2077368040491727,25.591323210412146,52.995661605206074,1014.5009399855422
2014-07-27,2014,7,27,14.466232827187293,1.610000000000001,107.0,1.7006507592190896,25.284381778741857,52.56182212581345,1013.7950108459856
2014-07-28,2014,7,28,16.473897324656537,2.23,219.0,2.4004338394793927,24.975632682574034,61.51048445408532,1009.1653651482304
2014-07-29,2014,7,29,17.51373825018074,3.2699999999999956,68.0,2.450831525668837,23.648590021691973,69.26536514822848,1004.4346348517703
2014-07-30,2014,7,30,17.929562594268482,3.12,152.0,1.2158371040723985,20.819457013574656,84.5444947209653,1004.2196078431346
2014-07-31,2014,7,31,,,,,,,
2014-08-01,2014,8,1,13.152101910828055,0.9400000000000006,231.0,4.8831847133757975,22.07630573248405,57.6140127388535,1007.4619108280264
2014-08-02,2014,8,2,14.28105567606652,1.9300000000000015,146.0,2.572017353579176,21.800216919739704,65.02386117136659,1013.6906001446132
2014-08-03,2014,8,3,15.62979031091825,1.7800000000000011,107.0,4.11344902386117,22.14540853217642,68.30874909616774,1016.0543745480786
2014-08-04,2014,8,4,14.966738973246597,1.560000000000001,141.0,3.9646420824295006,23.904049168474298,58.475054229934926,1014.946782357189
2014-08-05,2014,8,5,15.600723065798993,1.320000000000001,113.0,3.8539407086044806,23.91807664497461,61.211858279103396,1012.8858279103459
2014-08-06,2014,8,6,15.772089660159073,1.440000000000001,129.0,3.99125090383225,23.819595083152578,61.73246565437455,1011.7819233550315
2014-08-07,2014,8,7,15.843094721619662,10.61999999999999,281.0,2.283297180043385,23.296456977584967,64.24801156905278,1009.0381778741813
2014-08-08,2014,8,8,14.666883586406412,1.8000000000000012,248.0,3.024801156905276,21.34041937816341,66.77874186550976,1007.3676066521975
2014-08-09,2014,8,9,13.669920462762136,1.4200000000000008,264.0,2.3088937093275503,20.98770788141721,63.7527114967462,1005.8887201735394
2014-08-10,2014,8,10,14.500216919739728,2.6699999999999973,163.0,2.5984815618221253,21.416413593637028,66.29862617498192,1006.3985538684001
2014-08-11,2014,8,11,16.81359363702097,4.089999999999999,219.0,2.9636297903109163,21.94822848879243,73.3058568329718,1002.8890817064404
2014-08-12,2014,8,12,13.514316702819949,8.90999999999998,214.0,3.5791033984092544,20.68214027476501,66.34417932031815,998.6686912509014
2014-08-13,2014,8,13,11.244323933477942,6.039999999999989,197.0,3.6143890093998485,17.789370932754867,66.41287057122199,999.9054229934939
2014-08-14,2014,8,14,12.255531453362252,8.279999999999982,321.0,2.6481561822125785,17.394721619667344,72.2002892263196,999.1882140274764
2014-08-15,2014,8,15,12.082357194504699,4.949999999999994,208.0,2.3276934201012307,17.47838033261028,71.66666666666667,997.7898770788153
2014-08-16,2014,8,16,12.293058568329725,4.209999999999992,309.0,1.9378163412870582,17.94851771511205,70.83007953723789,996.6845986984794
2014-08-17,2014,8,17,9.36840202458422,3.069999999999994,236.0,2.565148228488791,16.852783803326012,63.11713665943601,995.6255242226996
2014-08-18,2014,8,18,12.309544468546623,9.469999999999976,174.0,4.594287780188004,16.25422993492403,77.99349240780911,994.4741865509718
2014-08-19,2014,8,19,11.514533622559659,21.570000000000032,208.0,4.889370932754878,14.932176428054897,80.30151843817788,993.9274765003654
2014-08-20,2014,8,20,10.384164859002176,29.810000000000002,203.0,4.925958062183653,13.891467823571933,79.77584960231381,996.9176428054905
2014-08-21,2014,8,21,10.536370209689123,1.6400000000000006,203.0,4.476717281272594,14.772089660159114,76.82501807664498,999.1086767895788
2014-08-22,2014,8,22,9.479971077368077,0.7200000000000004,253.0,3.657339117859724,14.28286334056404,73.25162689804772,1001.1279103398393
2014-08-23,2014,8,23,9.481995661605213,14.469999999999995,107.0,2.858423716558204,13.08937093275491,79.6290672451193,1003.526391901661
2014-08-24,2014,8,24,9.997107736804073,0.5100000000000002,96.0,2.8350686912509007,14.482212581344871,75.75198843094722,1003.6538684020232
2014-08-25,2014,8,25,11.242443962400614,7.639999999999993,343.0,2.313159797541574,13.438322487346289,86.73825018076646,998.9007953723809
2014-08-26,2014,8,26,11.490021691973954,12.679999999999987,304.0,2.4140274765003613,14.33304410701376,83.66522053506868,988.2781634128692
2014-08-27,2014,8,27,11.477512653651456,14.379999999999997,293.0,2.5516268980477217,14.090600144613141,84.75777295733911,990.3383947939291
2014-08-28,2014,8,28,11.21258134490238,2.479999999999999,326.0,2.6305133767172815,14.597252349963844,80.66666666666667,998.0780187997092
2014-08-29,2014,8,29,9.61182015953588,3.549999999999999,354.0,2.8254532269760673,12.978027556200132,80.42712110224801,1004.694126178389
2014-08-30,2014,8,30,5.831742588575554,0.060000000000000005,51.0,2.1695589298626183,12.384381778741872,66.50253073029646,1011.0173535791776
2014-08-31,2014,8,31,6.009255242227032,0.01,45.0,2.6693420101229175,12.251626898047697,66.21258134490239,1016.5943600867731
2014-09-01,2014,9,1,7.276066522053531,0.10999999999999999,349.0,2.110484454085321,11.827693420101216,74.0759219088937,1018.7464931308803
2014-09-02,2014,9,2,7.796312364425166,0.16,270.0,1.7259580621836603,13.057917570498875,71.44179320318149,1019.4466377440443
2014-09-03,2014,9,3,11.869775849602291,0.08,259.0,3.2468546637743954,16.099783080260334,76.38394793926247,1021.1474331164154
2014-09-04,2014,9,4,12.32480115690529,0.17,264.0,2.935430224150399,15.47093275488067,82.21475054229936,1021.4612436731787
2014-09-05,2014,9,5,10.67368040491679,0.16,287.0,3.7906001446131476,16.691540130151797,68.32682574114244,1016.627042660884
2014-09-06,2014,9,6,10.514461315979728,0.15,287.0,1.7625451916124366,15.135068691250948,74.68112798264642,1013.7083152566911
2014-09-07,2014,9,7,9.811569052783808,0.18000000000000002,118.0,1.6361532899493856,14.97859725234993,73.0643528561099,1014.2586406363041
2014-09-08,2014,9,8,12.40759219088934,0.12999999999999998,174.0,2.3070860448300765,15.974692697035406,80.14605929139552,1013.3237165582078
2014-09-09,2014,9,9,13.002747650036145,11.069999999999999,315.0,2.3201735357917577,16.297324656543818,81.17859725234996,1008.2400578452645
2014-09-10,2014,9,10,12.389443239334787,0.4000000000000002,28.0,1.5960954446854672,14.899638467100553,85.45336225596529,1011.0167751265323
2014-09-11,2014,9,11,12.747360809833687,0.23000000000000007,315.0,1.5814895155459132,14.954953000723107,87.35502530730297,1016.7212581345019
2014-09-12,2014,9,12,12.297180043383909,0.17,11.0,1.6253073029645706,15.490527838033291,82.03904555314534,1018.1315979754146
2014-09-13,2014,9,13,8.997541576283444,0.12999999999999998,6.0,2.0752711496746197,14.295372378886498,71.92190889370933,1022.4691973969669
2014-09-14,2014,9,14,8.622270426608802,0.08,315.0,1.5951554591467842,13.629428778018765,72.705712219812,1024.7137382501844
2014-09-15,2014,9,15,7.885972523499643,0.13999999999999999,17.0,1.6890093998553866,14.120318148951572,68.09616775126537,1024.449530007236
2014-09-16,2014,9,16,6.997035430224191,0.03,96.0,1.4719450469992765,13.04577006507588,67.23644251626898,1024.2998553868354
2014-09-17,2014,9,17,8.749382716049386,0.03,39.0,0.7337448559670783,11.801646090534991,81.64197530864197,1023.8395061728368
2014-09-18,2014,9,18,8.461917998610174,0.04,214.0,1.4972897845726207,14.024808895065974,69.99722029186935,1020.0150104239109
2014-09-19,2014,9,19,10.698611111111088,0.05,174.0,1.513472222222223,15.050208333333341,76.30625,1015.9753472222212
2014-09-20,2014,9,20,11.27895878524947,0.04,203.0,2.085683297180043,15.249530007230664,77.73174258857556,1010.7271149674539
2014-09-21,2014,9,21,11.20216919739695,0.12999999999999998,107.0,3.17353579175705,14.824005784526394,79.23716558206797,1002.687997107735
2014-09-22,2014,9,22,8.609182935647155,18.080000000000023,360.0,3.1512653651482276,10.431742588575561,88.66015907447577,996.8324656543787
2014-09-23,2014,9,23,-0.9803326102675335,0.8400000000000005,304.0,5.825596529284173,3.454808387563265,72.87924801156905,998.3402747650072
2014-09-24,2014,9,24,-0.10809833694865857,8.969999999999997,180.0,4.2403470715835105,5.230947216196676,69.77368040491685,1000.897541576283
2014-09-25,2014,9,25,8.582791033984076,9.23999999999998,124.0,4.029862617498192,11.383658712942877,83.23138105567607,998.07483731019
2014-09-26,2014,9,26,8.677657266811282,4.73,236.0,4.512942877801883,11.631959508315303,82.32827187274042,1001.4859002169184
2014-09-27,2014,9,27,5.842950108459879,2.8299999999999965,203.0,4.750469992769353,11.62241503976859,69.21113521330442,997.5496746203883
2014-09-28,2014,9,28,8.01887201735363,0.17,276.0,4.135430224150401,12.639479392624748,73.89009399855387,1003.7044107013648
2014-09-29,2014,9,29,5.831959508315265,0.09999999999999999,293.0,3.547071583514096,12.13412870571218,67.3058568329718,1005.3083152566915
2014-09-30,2014,9,30,2.30625000000001,0.07,354.0,4.183055555555561,8.728055555555532,64.81597222222223,1014.9063194444418
2014-10-01,2014,10,1,1.9230555555555549,0.18000000000000002,231.0,1.8154861111111122,7.101597222222199,70.98125,1025.9577083333252
2014-10-02,2014,10,2,5.219791666666657,0.3100000000000001,287.0,2.7840277777777773,9.808055555555535,73.31944444444444,1024.46125
2014-10-03,2014,10,3,8.293680555555536,0.30000000000000004,219.0,1.6922222222222212,11.492500000000035,80.90347222222222,1023.3570138888842
2014-10-04,2014,10,4,9.370069444444445,1.810000000000001,96.0,2.0505555555555555,10.966458333333327,90.05277777777778,1023.132499999995
2014-10-05,2014,10,5,2.9764583333333317,0.2800000000000001,129.0,3.7055555555555504,7.36243055555557,74.08611111111111,1028.0081250000017
2014-10-06,2014,10,6,1.1417361111111117,0.24000000000000005,129.0,4.970069444444444,7.330902777777659,65.01319444444445,1032.2793750000108
2014-10-07,2014,10,7,1.2966666666666693,0.17,158.0,5.982916666666672,8.76083333333339,59.44166666666667,1026.5363888888871
2014-10-08,2014,10,8,4.8279861111111,6.2099999999999955,208.0,4.995000000000005,8.396944444444536,78.82291666666667,1010.453541666669
2014-10-09,2014,10,9,8.668680555555579,0.18000000000000002,129.0,3.1016666666666644,10.35493055555553,89.47430555555556,1004.6247916666728
2014-10-10,2014,10,10,10.899166666666678,0.4900000000000002,242.0,3.162291666666664,11.874166666666701,93.93055555555556,1002.0927777777799
2014-10-11,2014,10,11,8.305763888888873,0.23000000000000007,264.0,2.967152777777777,11.233888888888874,82.56875,1007.3647222222243
2014-10-12,2014,10,12,6.644305555555544,0.4200000000000002,332.0,1.5545833333333359,7.704097222222174,93.17013888888889,1009.2017361111128
2014-10-13,2014,10,13,6.271666666666692,2.9699999999999993,79.0,1.8076388888888901,7.521041666666594,91.92361111111111,1007.7183333333388
2014-10-14,2014,10,14,7.109444444444432,0.6900000000000004,203.0,1.9265277777777776,8.482986111111076,91.24722222222222,1005.9852083333333
2014-10-15,2014,10,15,0.6266666666666696,0.29000000000000015,62.0,3.4712500000000004,3.75638888888889,80.01527777777778,1009.163402777778
2014-10-16,2014,10,16,-2.9529861111111066,0.20000000000000004,62.0,3.8306944444444464,2.2545138888888885,67.19444444444444,1009.3356249999948
2014-10-17,2014,10,17,-4.464166666666699,0.26000000000000006,326.0,1.8437499999999991,1.0443055555555563,64.79583333333333,1011.4043055555559
2014-10-18,2014,10,18,-4.5424999999999995,0.3200000000000001,197.0,1.4656944444444453,1.0659722222222239,64.12430555555555,1018.2209722222238
2014-10-19,2014,10,19,5.385694444444463,16.009999999999973,270.0,3.90333333333333,7.173749999999969,88.86597222222223,1000.6229166666637
2014-10-20,2014,10,20,5.437847222222231,0.43000000000000016,62.0,2.4784722222222237,6.987152777777737,90.03402777777778,989.0395138888879
2014-10-21,2014,10,21,-3.2974305555555463,0.4200000000000002,56.0,3.5086805555555545,0.6627777777777768,72.86666666666666,1003.1163888888899
2014-10-22,2014,10,22,-8.299444444444449,0.38000000000000017,51.0,4.616805555555554,-2.346180555555563,58.922222222222224,1016.3781944444418
2014-10-23,2014,10,23,-6.939097222222205,0.6600000000000004,124.0,4.690555555555557,-2.2015972222221976,65.5875,1027.2763888888871
2014-10-24,2014,10,24,-6.920277777777782,0.5200000000000002,214.0,5.978402777777776,0.1963888888888872,56.56319444444444,1026.3215277777772
2014-10-25,2014,10,25,-1.260208333333333,0.34000000000000014,236.0,5.652013888888881,3.3275694444444506,71.06041666666667,1017.8127083333345
2014-10-26,2014,10,26,4.178541666666661,1.400000000000001,214.0,6.123749999999997,6.474999999999978,85.57152777777777,1012.1859722222277
2014-10-27,2014,10,27,8.069097222222231,1.1300000000000008,225.0,6.71534722222222,9.997916666666546,87.88055555555556,1005.2255555555598
2014-10-28,2014,10,28,8.452569444444388,1.3800000000000008,219.0,5.946111111111121,10.472708333333257,87.50555555555556,1005.4192361111106
2014-10-29,2014,10,29,5.023958333333328,1.0400000000000007,248.0,6.924375000000009,9.014583333333345,76.44236111111111,1002.5388888888915
2014-10-30,2014,10,30,2.6024305555555567,0.2700000000000001,264.0,2.877013888888887,6.187638888888901,78.49930555555555,1010.5399305555491
2014-10-31,2014,10,31,0.5927083333333338,0.4100000000000002,326.0,3.04013888888889,4.386111111111112,77.09722222222223,1015.3755555555506
2014-11-01,2014,11,1,-3.051458333333338,0.3000000000000001,163.0,2.732222222222222,1.6996527777777768,70.01805555555555,1019.668541666664
2014-11-02,2014,11,2,4.034166666666655,9.249999999999961,231.0,5.8986111111111175,5.7365277777777575,88.87777777777778,1007.124652777779
2014-11-03,2014,11,3,7.732847222222257,6.319999999999989,214.0,6.0450000000000035,8.245486111111115,96.7388888888889,995.3088194444434
2014-11-04,2014,11,4,7.531319444444495,3.1199999999999934,174.0,5.3240972222222105,9.159722222222204,89.82847222222222,991.3978472222249
2014-11-05,2014,11,5,0.01659722222222371,0.7000000000000005,62.0,4.019444444444442,3.953541666666636,74.6,1000.258402777779
2014-11-06,2014,11,6,-0.9057638888888957,15.27999999999999,124.0,4.42,0.8269444444444412,87.53125,1008.3648611111159
2014-11-07,2014,11,7,1.0474305555555528,3.599999999999982,6.0,2.8004166666666648,2.1328472222222326,92.67708333333333,1001.884791666663
2014-11-08,2014,11,8,-0.6663194444444432,1.0900000000000007,293.0,2.740694444444443,1.306805555555557,86.42986111111111,1005.4300694444456
2014-11-09,2014,11,9,4.303888888888872,1.440000000000001,203.0,3.0006944444444423,5.743888888888918,90.4798611111111,1013.0588888888908
2014-11-10,2014,11,10,3.626180555555548,1.2400000000000009,169.0,3.717152777777775,5.374722222222228,88.60902777777778,1013.1176388888882
2014-11-11,2014,11,11,6.720208333333326,2.8999999999999915,219.0,4.198125000000006,7.7012499999999795,93.64236111111111,1007.5827083333375
2014-11-12,2014,11,12,3.9397222222222354,2.5199999999999987,360.0,1.8148611111111106,6.780694444444487,82.30347222222223,1016.003541666665
2014-11-13,2014,11,13,0.9808333333333367,3.5399999999999943,62.0,3.0709027777777793,3.1159722222222443,85.96875,1022.5429861111103
2014-11-14,2014,11,14,-0.742916666666662,3.4099999999999944,17.0,2.924722222222221,1.7786111111111147,82.9798611111111,1025.739305555553
2014-11-15,2014,11,15,-0.9076388888888856,4.159999999999993,73.0,3.3458333333333314,1.0438194444444466,86.2701388888889,1024.9084722222149
2014-11-16,2014,11,16,0.17951388888888686,3.7299999999999947,129.0,2.668194444444445,2.880833333333316,82.74236111111111,1023.3609722222235
2014-11-17,2014,11,17,-1.4822222222222439,2.879999999999995,107.0,3.8184722222222183,2.1513888888888726,75.9576388888889,1023.6126388888841
2014-11-18,2014,11,18,-0.5023611111111103,1.8200000000000014,51.0,2.497291666666671,1.9779166666666546,83.37291666666667,1025.8314583333347
2014-11-19,2014,11,19,-1.886805555555541,1.8400000000000014,79.0,3.2674305555555563,0.9844444444444472,80.10833333333333,1027.8902777777746
2014-11-20,2014,11,20,-2.8788888888888975,3.0799999999999974,51.0,2.5171527777777825,-0.987777777777784,84.66527777777777,1029.1649305555527
2014-11-21,2014,11,21,-2.869861111111139,8.629999999999987,326.0,2.5224305555555526,-1.508055555555552,88.0125,1022.1430555555538
2014-11-22,2014,11,22,-2.972222222222205,0.24000000000000007,158.0,1.3816666666666642,-1.5420138888888915,87.49097222222223,1018.7880555555596
2014-11-23,2014,11,23,-1.0833333333333255,0.6500000000000004,163.0,1.287013888888888,0.3049999999999997,89.21597222222222,1025.955972222222
2014-11-24,2014,11,24,-0.7165972222222218,2.2800000000000002,169.0,4.453888888888884,1.1613194444444426,86.69097222222223,1021.8502083333301
2014-11-25,2014,11,25,0.7094444444444422,3.4199999999999973,146.0,4.535069444444442,2.201666666666652,89.77986111111112,1017.656111111115
2014-11-26,2014,11,26,2.5935416666666593,2.249999999999999,231.0,3.181944444444445,3.565972222222216,93.44305555555556,1019.597638888897
2014-11-27,2014,11,27,1.297986111111114,2.1800000000000015,231.0,2.248194444444445,3.0599305555555505,88.28611111111111,1020.5852777777745
2014-11-28,2014,11,28,0.31652777777777774,2.529999999999998,242.0,2.2569444444444473,2.3031250000000125,86.82638888888889,1026.4057638888864
2014-11-29,2014,11,29,-0.6068749999999995,2.1399999999999992,124.0,2.0579861111111075,0.6509722222222175,90.93333333333334,1028.7434722222138
2014-11-30,2014,11,30,-4.344791666666685,0.2900000000000001,276.0,1.9373611111111173,-1.7093055555555476,78.93194444444444,1027.285555555556
2014-12-01,2014,12,1,-5.224861111111126,0.3900000000000002,214.0,1.5809722222222222,-3.152013888888879,81.40347222222222,1025.8839583333306
2014-12-02,2014,12,2,-2.498958333333331,0.9100000000000005,236.0,4.294861111111113,0.028819444444447524,81.16527777777777,1017.0970138888867
2014-12-03,2014,12,3,-0.6606249999999978,1.9100000000000015,231.0,5.058750000000004,3.1463194444444533,75.78888888888889,1011.0161805555537
2014-12-04,2014,12,4,1.2163888888888876,2.639999999999997,287.0,4.009097222222213,3.8825694444444308,82.89722222222223,1011.9537499999938
2014-12-05,2014,12,5,1.2993055555555584,2.140000000000001,208.0,3.390902777777775,2.39055555555556,92.52083333333333,1016.3568749999997
2014-12-06,2014,12,6,0.8255555555555583,6.589999999999985,270.0,4.5122916666666635,2.115694444444445,91.2611111111111,1005.9534027777769
2014-12-07,2014,12,7,1.135625000000002,1.6100000000000012,191.0,4.438125000000006,3.8727777777778045,82.34652777777778,1004.6529166666636
2014-12-08,2014,12,8,1.4829861111111151,13.099999999999971,214.0,5.595972222222218,2.7988194444444403,91.19513888888889,1000.3276388888921
2014-12-09,2014,12,9,1.6967361111111132,1.8400000000000014,225.0,3.589930555555559,3.752847222222215,86.79305555555555,1007.8330555555593
2014-12-10,2014,12,10,-0.07291666666666645,4.409999999999985,214.0,7.15347222222222,3.1496527777777676,79.16388888888889,1004.8761111111136
2014-12-11,2014,12,11,0.7175694444444525,3.2899999999999916,174.0,6.625208333333328,2.502638888888884,87.95277777777778,996.0193055555567
2014-12-12,2014,12,12,-0.08854166666666785,5.11999999999999,141.0,5.130347222222225,1.9087500000000193,86.47638888888889,990.2571527777784
2014-12-13,2014,12,13,-0.43333333333333307,12.169999999999987,248.0,4.836805555555558,1.2884722222222154,88.04513888888889,977.367222222222
2014-12-14,2014,12,14,-0.516666666666666,0.18000000000000002,219.0,2.7937500000000015,2.062777777777782,82.73263888888889,996.7413888888833
2014-12-15,2014,12,15,0.41965277777777954,,158.0,6.582638888888894,2.6641666666666697,85.13958333333333,1000.913333333336
2014-12-16,2014,12,16,0.18590277777777683,,146.0,4.9833333333333405,3.157916666666662,81.08819444444444,994.0872916666696
2014-12-17,2014,12,17,-0.0995138888888907,6.329999999999994,309.0,3.3100000000000067,1.8676388888888933,86.39236111111111,989.1411111111195
2014-12-18,2014,12,18,-1.1642361111111226,3.5699999999999967,242.0,3.468819444444448,1.1683333333333337,83.3875,990.5302777777822
2014-12-19,2014,12,19,2.1677083333333282,8.13999999999998,248.0,4.041944444444457,3.8442361111111047,89.24791666666667,979.7505555555532
2014-12-20,2014,12,20,-1.6064583333333302,0.4400000000000002,248.0,3.536597222222224,1.9394444444444408,76.37361111111112,978.47125
2014-12-21,2014,12,21,-3.468958333333322,2.159999999999997,270.0,4.445277777777784,0.07256944444444459,74.79097222222222,987.518958333331
2014-12-22,2014,12,22,-3.952488687782811,7.709999999999997,45.0,1.7244343891402707,-1.5330316742081438,80.44796380090497,989.0441930618435
2014-12-23,2014,12,23,-7.540763888888893,0.38000000000000017,39.0,2.398263888888892,-6.4021527777777845,85.16111111111111,985.2581944444399
2014-12-24,2014,12,24,-6.440486111111084,5.549999999999989,6.0,3.7456250000000035,-5.440208333333329,87.06805555555556,990.7993055555577
2014-12-25,2014,12,25,-11.482986111111119,0.38000000000000017,309.0,4.5831944444444535,-10.216388888888837,80.86458333333333,1001.4137500000008
2014-12-26,2014,12,26,-5.065486111111125,1.6600000000000008,242.0,3.6352777777777847,-3.830625000000017,86.72638888888889,1004.9795138888788
2014-12-27,2014,12,27,-6.606041666666678,0.3200000000000001,354.0,2.836666666666674,-5.37444444444445,85.40069444444444,1004.832638888889
2014-12-28,2014,12,28,-10.724722222222246,0.10999999999999999,17.0,2.3302083333333377,-9.214444444444425,79.96944444444445,1013.1005555555525
2014-12-29,2014,12,29,-15.290416666666644,0.25000000000000006,152.0,1.9175000000000002,-14.476875000000021,80.5423611111111,1019.0821527777734
2014-12-30,2014,12,30,-1.8870138888888808,12.75999999999997,248.0,4.900972222222217,-0.9349999999999983,91.60069444444444,1009.4786805555586
2014-12-31,2014,12,31,2.0347916666666688,1.8900000000000012,287.0,4.367569444444439,3.701736111111103,89.00208333333333,1002.5904861111133
